URL,Abstraction,Parallelism,Logic,Synchronization,FlowControl,UserInteractivity,DataRepresentation,Mastery,Vocabulary,Length,Volume,Difficulty,Effort,CC,Category
https://scratch.mit.edu/projects/123698059/,2,3,3,3,2,1,3,17,533,1173,5620.02,159.88,71773.13,140.00,Animations
https://scratch.mit.edu/projects/124509797/,2,3,3,2,2,1,3,16,485,679,2690.43,137.87,23209.05,84.00,Animations
https://scratch.mit.edu/projects/123042172/,3,3,2,2,3,1,2,16,538,661,2620.89,171.87,18792.85,56.00,Animations
https://scratch.mit.edu/projects/121912840/,3,3,2,2,3,1,2,16,180,309,1154.67,101.84,15921.30,39.00,Animations
https://scratch.mit.edu/projects/123842769/,3,3,2,2,2,1,2,15,113,261,1233.50,54.41,21522.72,15.00,Animations
https://scratch.mit.edu/projects/123447448/,3,3,2,2,2,1,2,15,134,275,1239.63,59.61,20950.21,19.00,Animations
https://scratch.mit.edu/projects/122128963/,3,3,2,2,2,1,2,15,161,318,1403.94,67.71,21956.72,23.00,Animations
https://scratch.mit.edu/projects/99612337/,3,3,0,2,3,1,2,14,96,196,960.47,49.40,20272.93,6.00,Animations
https://scratch.mit.edu/projects/122574301/,1,3,3,2,2,2,1,14,196,360,1817.88,42.58,14413.76,73.00,Animations
https://scratch.mit.edu/projects/99612674/,2,1,2,3,2,2,1,13,38,45,134.75,16.67,546.27,8.00,Animations
https://scratch.mit.edu/projects/125942752/,3,3,0,3,1,1,1,12,164,207,725.06,41.46,2370.45,20.00,Animations
https://scratch.mit.edu/projects/124920782/,1,3,0,2,3,1,2,12,162,224,964.49,44.16,6927.88,15.00,Animations
https://scratch.mit.edu/projects/124285170/,1,3,0,2,3,1,2,12,221,381,1527.59,83.57,15411.07,23.00,Animations
https://scratch.mit.edu/projects/123220367/,1,3,2,2,2,1,1,12,144,171,550.36,46.10,1639.82,19.00,Animations
https://scratch.mit.edu/projects/99611521/,1,3,0,2,2,1,1,10,192,252,701.35,58.17,2083.20,36.00,Animations
https://scratch.mit.edu/projects/99611178/,1,3,0,2,2,1,1,10,237,263,828.65,76.63,2663.90,30.00,Animations
https://scratch.mit.edu/projects/99608169/,1,3,0,2,2,1,1,10,65,80,289.68,16.67,1059.17,7.00,Animations
https://scratch.mit.edu/projects/99606187/,1,3,0,2,2,1,1,10,220,255,838.45,59.48,2741.19,31.00,Animations
https://scratch.mit.edu/projects/99603113/,1,1,1,3,1,2,1,10,53,55,182.24,13.94,572.53,7.00,Animations
https://scratch.mit.edu/projects/123763799/,1,3,0,2,2,1,1,10,733,1626,6819.21,209.53,35638.02,68.00,Animations
https://scratch.mit.edu/projects/123250400/,1,3,0,2,2,1,1,10,144,193,735.00,43.35,3584.96,14.00,Animations
https://scratch.mit.edu/projects/122710167/,1,3,0,2,2,1,1,10,48,88,393.68,19.14,4470.60,4.00,Animations
https://scratch.mit.edu/projects/122624092/,1,1,3,0,2,1,2,10,133,232,868.36,46.84,5645.28,46.00,Animations
https://scratch.mit.edu/projects/124956220/,1,3,0,2,1,1,1,9,57,120,455.67,20.16,2538.59,7.00,Animations
https://scratch.mit.edu/projects/99611929/,1,1,0,2,2,1,1,8,48,57,172.70,15.30,466.51,6.00,Animations
https://scratch.mit.edu/projects/99609999/,1,1,0,1,2,2,1,8,78,86,235.03,23.22,476.00,12.00,Animations
https://scratch.mit.edu/projects/124664578/,1,1,0,2,2,1,1,8,42,63,223.44,15.94,1690.51,6.00,Animations
https://scratch.mit.edu/projects/123578007/,1,1,1,1,2,1,1,8,31,33,100.20,11.00,310.03,7.00,Animations
https://scratch.mit.edu/projects/99612835/,1,1,0,1,2,1,1,7,20,22,52.55,7.00,116.28,4.00,Animations
https://scratch.mit.edu/projects/99612654/,1,1,0,1,2,1,1,7,13,13,35.16,4.50,80.15,2.00,Animations
https://scratch.mit.edu/projects/99611230/,1,1,0,1,2,1,1,7,31,42,140.56,7.17,306.90,4.00,Animations
https://scratch.mit.edu/projects/99611078/,1,1,0,1,2,1,1,7,20,23,66.90,7.10,201.76,3.00,Animations
https://scratch.mit.edu/projects/99610021/,1,1,0,1,2,1,1,7,15,15,46.05,5.00,145.19,2.00,Animations
https://scratch.mit.edu/projects/99608399/,1,1,1,0,2,1,1,7,22,25,87.92,5.00,219.79,3.00,Animations
https://scratch.mit.edu/projects/99596529/,1,0,0,1,2,2,1,7,30,48,172.51,13.00,1221.76,3.00,Animations
https://scratch.mit.edu/projects/99539933/,1,1,0,1,2,1,1,7,31,33,100.20,11.50,328.30,4.00,Animations
https://scratch.mit.edu/projects/123730799/,1,1,0,1,2,1,1,7,15,15,40.05,3.50,133.19,4.00,Animations
https://scratch.mit.edu/projects/122793223/,1,1,0,0,2,2,1,7,19,19,33.16,5.00,59.64,7.00,Animations
https://scratch.mit.edu/projects/120745942/,1,1,0,1,2,1,1,7,16,19,47.68,6.17,110.08,3.00,Animations
https://scratch.mit.edu/projects/99610052/,1,1,0,0,2,1,1,6,16,16,48.00,4.00,96.00,2.00,Animations
https://scratch.mit.edu/projects/98726455/,1,1,0,1,1,1,1,6,34,59,246.00,9.09,1144.65,2.00,Animations
https://scratch.mit.edu/projects/124963467/,1,1,0,1,1,1,1,6,21,58,234.10,3.70,623.99,2.00,Animations
https://scratch.mit.edu/projects/122814395/,1,1,0,1,1,1,1,6,30,52,203.16,7.08,722.77,2.00,Animations
https://scratch.mit.edu/projects/99606135/,0,0,0,2,1,1,1,5,21,32,140.55,3.00,421.66,1.00,Animations
https://scratch.mit.edu/projects/124740032/,0,0,0,1,2,1,1,5,9,9,28.53,3.00,85.59,1.00,Animations
https://scratch.mit.edu/projects/99611808/,0,0,0,0,2,1,1,4,18,30,125.10,2.00,250.20,1.00,Animations
https://scratch.mit.edu/projects/125085815/,0,0,0,0,2,1,1,4,7,7,19.65,2.50,49.13,1.00,Animations
https://scratch.mit.edu/projects/124997853/,0,0,0,0,2,1,0,3,4,4,8.00,1.50,12.00,1.00,Animations
https://scratch.mit.edu/projects/123766661/,0,0,0,0,2,1,0,3,4,4,8.00,1.50,12.00,1.00,Animations
https://scratch.mit.edu/projects/122628090/,0,0,0,0,1,1,1,3,6,7,18.09,3.00,54.28,1.00,Animations
https://scratch.mit.edu/projects/124500043/,2,3,3,3,3,2,2,18,433,673,2818.19,194.94,36550.33,59.00,Art
https://scratch.mit.edu/projects/99612441/,2,3,3,2,3,1,3,17,108,175,760.66,56.25,12318.58,15.00,Art
https://scratch.mit.edu/projects/123760016/,3,1,3,2,3,2,2,16,112,175,754.69,44.45,7529.57,14.00,Art
https://scratch.mit.edu/projects/123673447/,3,1,3,2,3,2,2,16,156,239,1039.22,71.19,11689.95,19.00,Art
https://scratch.mit.edu/projects/123165971/,2,1,3,2,3,2,3,16,315,581,2506.81,154.09,32011.21,44.00,Art
https://scratch.mit.edu/projects/99613560/,1,2,3,1,3,2,2,14,72,133,524.83,38.26,8085.54,13.00,Art
https://scratch.mit.edu/projects/122561486/,1,1,3,3,2,2,2,14,45,52,186.34,17.38,1452.25,8.00,Art
https://scratch.mit.edu/projects/124605516/,3,3,0,2,2,2,1,13,153,208,633.95,61.61,2687.29,23.00,Art
https://scratch.mit.edu/projects/99607362/,3,1,0,2,3,1,1,11,51,69,280.25,22.44,2696.73,6.00,Art
https://scratch.mit.edu/projects/125014299/,3,1,0,2,3,1,1,11,44,50,199.74,18.00,1654.04,6.00,Art
https://scratch.mit.edu/projects/124992244/,1,3,0,2,2,1,1,10,144,154,465.57,38.15,1576.85,25.00,Art
https://scratch.mit.edu/projects/123757932/,1,3,0,2,2,1,1,10,222,392,1647.08,84.92,16025.40,17.00,Art
https://scratch.mit.edu/projects/99611774/,2,2,0,1,1,2,1,9,115,130,458.96,42.00,2950.01,12.00,Art
https://scratch.mit.edu/projects/99610681/,2,0,2,0,2,1,2,9,44,60,263.28,22.74,3958.08,6.00,Art
https://scratch.mit.edu/projects/123303956/,3,1,0,0,3,1,1,9,29,32,105.65,14.50,859.13,5.00,Art
https://scratch.mit.edu/projects/123243750/,1,1,0,2,2,2,1,9,30,32,100.47,10.50,378.68,4.00,Art
https://scratch.mit.edu/projects/99581668/,1,1,2,0,2,1,1,8,45,177,934.86,9.12,7072.47,32.00,Art
https://scratch.mit.edu/projects/99611056/,1,1,0,1,2,1,1,7,15,35,119.47,4.75,434.95,2.00,Art
https://scratch.mit.edu/projects/99610844/,1,1,0,1,2,1,1,7,14,14,31.22,5.50,58.44,3.00,Art
https://scratch.mit.edu/projects/124820541/,1,1,0,0,2,2,1,7,15,20,52.61,5.00,153.91,3.00,Art
https://scratch.mit.edu/projects/124816143/,1,1,0,0,2,2,1,7,10,10,17.51,3.50,21.51,3.00,Art
https://scratch.mit.edu/projects/124767913/,1,1,0,1,2,1,1,7,51,66,256.94,12.50,977.34,4.00,Art
https://scratch.mit.edu/projects/124749161/,1,1,0,0,2,2,1,7,25,26,45.53,7.00,52.53,8.00,Art
https://scratch.mit.edu/projects/124644717/,1,1,0,0,2,2,1,7,12,13,26.69,4.75,48.10,3.00,Art
https://scratch.mit.edu/projects/124512264/,1,1,0,1,2,1,1,7,19,36,133.02,10.25,1105.93,2.00,Art
https://scratch.mit.edu/projects/124324694/,1,2,0,0,1,2,1,7,37,41,114.57,10.50,425.50,8.00,Art
https://scratch.mit.edu/projects/124055113/,1,1,0,0,2,2,1,7,21,27,68.31,7.35,203.11,5.00,Art
https://scratch.mit.edu/projects/123602288/,1,1,0,0,2,2,1,7,35,40,93.74,15.50,334.54,8.00,Art
https://scratch.mit.edu/projects/99613822/,2,0,0,0,2,1,1,6,58,68,258.40,22.58,1917.90,8.00,Art
https://scratch.mit.edu/projects/99613758/,2,0,0,0,2,1,1,6,47,53,222.44,13.33,1405.54,3.00,Art
https://scratch.mit.edu/projects/99611391/,0,0,0,2,2,1,1,6,10,16,53.15,3.50,186.03,1.00,Art
https://scratch.mit.edu/projects/124921982/,1,1,0,0,2,1,1,6,6,6,10.00,1.50,12.00,2.00,Art
https://scratch.mit.edu/projects/124811307/,1,0,0,0,2,2,1,6,11,16,43.75,4.50,141.25,2.00,Art
https://scratch.mit.edu/projects/123736557/,1,0,0,0,2,2,1,6,8,9,18.69,2.50,25.65,2.00,Art
https://scratch.mit.edu/projects/123696013/,1,1,0,0,1,2,1,6,14,17,31.09,9.00,77.43,4.00,Art
https://scratch.mit.edu/projects/123680415/,1,1,0,0,1,2,1,6,11,13,25.76,3.00,25.76,3.00,Art
https://scratch.mit.edu/projects/99614218/,1,1,0,0,1,1,1,5,7,9,12.68,4.00,25.36,3.00,Art
https://scratch.mit.edu/projects/99612410/,0,0,0,1,1,2,1,5,7,8,22.46,1.50,33.69,1.00,Art
https://scratch.mit.edu/projects/99611001/,1,1,0,0,1,1,1,5,27,27,66.14,7.00,95.21,5.00,Art
https://scratch.mit.edu/projects/99579508/,1,0,0,0,1,2,1,5,6,6,9.51,2.00,9.51,2.00,Art
https://scratch.mit.edu/projects/99573259/,1,1,0,0,1,1,1,5,14,14,39.30,4.00,78.61,2.00,Art
https://scratch.mit.edu/projects/124923731/,1,0,0,0,1,2,1,5,6,6,9.51,2.00,9.51,2.00,Art
https://scratch.mit.edu/projects/124858175/,1,0,0,0,1,2,1,5,6,6,9.51,2.00,9.51,2.00,Art
https://scratch.mit.edu/projects/124280377/,1,0,0,0,1,2,1,5,17,17,36.63,5.50,57.94,4.00,Art
https://scratch.mit.edu/projects/123925102/,1,0,0,0,1,2,1,5,8,8,16.36,2.50,22.17,2.00,Art
https://scratch.mit.edu/projects/99613753/,0,0,0,0,2,1,1,4,5,5,11.61,1.50,17.41,1.00,Art
https://scratch.mit.edu/projects/99613476/,0,0,0,0,1,2,1,4,3,3,4.75,1.00,4.75,1.00,Art
https://scratch.mit.edu/projects/99613042/,1,0,0,0,1,2,0,4,20,20,40.00,5.00,40.00,5.00,Art
https://scratch.mit.edu/projects/99612967/,0,0,0,0,1,2,1,4,3,3,4.75,1.00,4.75,1.00,Art
https://scratch.mit.edu/projects/99615200/,0,0,0,0,1,1,1,3,3,4,6.34,2.00,12.68,1.00,Art
https://scratch.mit.edu/projects/99610948/,3,3,3,3,3,2,3,20,971,1943,9175.76,453.99,268060.78,253.00,Games
https://scratch.mit.edu/projects/98835354/,3,3,3,3,3,2,3,20,806,2312,11626.38,371.15,450213.34,306.00,Games
https://scratch.mit.edu/projects/124962121/,3,3,3,3,3,2,3,20,2704,5669,28190.10,1139.31,682298.66,629.00,Games
https://scratch.mit.edu/projects/123786422/,3,3,3,3,3,2,3,20,3231,4751,19940.94,1197.73,450912.10,726.00,Games
https://scratch.mit.edu/projects/123398661/,3,3,3,3,3,2,3,20,801,1210,4768.27,291.36,49615.11,128.00,Games
https://scratch.mit.edu/projects/123253176/,3,3,3,3,3,2,3,20,1810,2912,11697.40,705.01,254250.36,553.00,Games
https://scratch.mit.edu/projects/122651381/,3,3,3,3,3,2,3,20,528,862,3942.99,232.37,77418.54,74.00,Games
https://scratch.mit.edu/projects/99133769/,3,3,3,3,2,2,3,19,680,819,2868.02,232.03,17149.07,117.00,Games
https://scratch.mit.edu/projects/121555506/,3,3,3,2,3,2,3,19,688,907,3437.60,230.41,29803.31,126.00,Games
https://scratch.mit.edu/projects/120896946/,3,3,3,3,3,2,2,19,941,1783,8426.55,340.47,166393.16,336.00,Games
https://scratch.mit.edu/projects/99330902/,3,3,3,3,2,2,2,18,389,555,2145.31,134.22,20382.50,96.00,Games
https://scratch.mit.edu/projects/99611514/,1,3,3,3,3,2,2,17,445,634,2726.36,154.97,23880.30,92.00,Games
https://scratch.mit.edu/projects/99584841/,2,3,3,2,3,2,2,17,439,679,3192.66,144.90,57084.47,64.00,Games
https://scratch.mit.edu/projects/125012457/,3,1,3,2,3,2,3,17,1639,10038,57802.61,1483.82,5296584.16,760.00,Games
https://scratch.mit.edu/projects/124921013/,1,3,3,3,3,2,2,17,736,911,3059.10,229.72,17339.33,154.00,Games
https://scratch.mit.edu/projects/99419205/,1,3,3,3,2,2,2,16,129,159,633.98,40.30,4699.34,16.00,Games
https://scratch.mit.edu/projects/97040172/,1,3,3,3,2,2,2,16,159,164,503.92,47.05,1600.49,33.00,Games
https://scratch.mit.edu/projects/124974440/,1,3,3,3,2,2,2,16,642,821,2774.12,208.15,20813.72,160.00,Games
https://scratch.mit.edu/projects/124639474/,1,3,3,3,2,2,2,16,593,742,2452.24,189.65,17961.48,154.00,Games
https://scratch.mit.edu/projects/123662727/,1,3,3,3,2,2,2,16,399,540,1903.70,134.06,16453.21,113.00,Games
https://scratch.mit.edu/projects/122930719/,1,3,3,3,2,2,2,16,344,468,1647.29,119.43,15583.30,97.00,Games
https://scratch.mit.edu/projects/121860238/,1,3,3,3,2,2,2,16,630,787,2624.55,199.77,18846.15,160.00,Games
https://scratch.mit.edu/projects/99605349/,3,1,3,2,2,2,2,15,52,84,257.48,19.06,995.10,18.00,Games
https://scratch.mit.edu/projects/99576564/,3,1,2,3,2,2,2,15,94,106,431.07,28.55,2883.76,11.00,Games
https://scratch.mit.edu/projects/99574722/,2,3,1,3,2,2,2,15,269,324,924.68,93.99,4009.01,67.00,Games
https://scratch.mit.edu/projects/99568568/,3,3,1,2,2,2,2,15,83,105,356.58,28.83,1526.83,14.00,Games
https://scratch.mit.edu/projects/98515374/,3,3,1,2,2,2,2,15,67,70,200.70,20.00,659.04,13.00,Games
https://scratch.mit.edu/projects/99611259/,1,1,2,3,3,2,2,14,88,416,2042.47,79.93,119226.83,68.00,Games
https://scratch.mit.edu/projects/99611219/,1,3,3,2,2,2,1,14,80,81,230.08,27.00,843.98,19.00,Games
https://scratch.mit.edu/projects/70674852/,1,3,1,3,3,2,1,14,460,538,1518.45,122.87,3578.66,102.00,Games
https://scratch.mit.edu/projects/121175931/,1,1,3,2,3,2,2,14,93,97,317.09,27.33,1120.08,15.00,Games
https://scratch.mit.edu/projects/123728751/,1,1,3,2,2,2,2,13,257,355,1414.37,96.16,9014.85,39.00,Games
https://scratch.mit.edu/projects/122216951/,1,3,1,2,2,2,2,13,183,199,505.81,49.50,1084.53,41.00,Games
https://scratch.mit.edu/projects/121664461/,2,1,1,3,2,2,2,13,366,499,2016.72,139.21,20505.59,56.00,Games
https://scratch.mit.edu/projects/99580462/,1,3,0,2,2,2,2,12,113,124,353.06,33.40,1086.89,19.00,Games
https://scratch.mit.edu/projects/123910143/,3,1,0,2,2,2,2,12,70,119,465.74,29.55,5242.40,8.00,Games
https://scratch.mit.edu/projects/99611945/,2,0,2,2,2,2,1,11,68,83,297.28,20.98,1281.78,13.00,Games
https://scratch.mit.edu/projects/99610469/,1,1,1,2,3,1,2,11,53,55,198.79,17.33,964.95,7.00,Games
https://scratch.mit.edu/projects/99588589/,1,1,2,1,2,2,2,11,286,341,1233.61,77.97,3690.14,53.00,Games
https://scratch.mit.edu/projects/124846115/,1,3,0,2,1,2,2,11,30,30,95.55,8.00,267.63,4.00,Games
https://scratch.mit.edu/projects/124570928/,1,1,1,2,2,2,2,11,110,115,399.29,38.00,1908.38,19.00,Games
https://scratch.mit.edu/projects/123287189/,1,1,1,2,2,2,2,11,44,46,151.68,16.00,634.52,8.00,Games
https://scratch.mit.edu/projects/99612375/,1,0,1,2,2,2,2,10,63,359,1941.93,28.11,44731.90,34.00,Games
https://scratch.mit.edu/projects/99609223/,1,2,1,1,1,2,2,10,55,65,193.57,17.65,615.33,11.00,Games
https://scratch.mit.edu/projects/97908996/,1,1,1,1,2,2,2,10,42,44,155.92,13.75,709.33,6.00,Games
https://scratch.mit.edu/projects/96710462/,1,1,1,2,2,2,1,10,120,122,354.89,41.00,1033.02,23.00,Games
https://scratch.mit.edu/projects/122702990/,1,3,0,2,2,1,1,10,66,77,271.89,19.95,1072.86,7.00,Games
https://scratch.mit.edu/projects/99596304/,1,2,0,1,2,2,1,9,82,107,295.80,22.50,917.17,18.00,Games
https://scratch.mit.edu/projects/123048849/,1,1,1,0,2,2,2,9,75,88,311.98,27.79,1517.67,13.00,Games
https://scratch.mit.edu/projects/122679748/,1,1,1,0,2,2,2,9,35,54,234.91,13.93,2135.37,8.00,Games
https://scratch.mit.edu/projects/124816242/,3,3,3,3,3,3,3,21,1180,2443,11530.18,546.33,357626.51,140.00,Music
https://scratch.mit.edu/projects/123229176/,3,1,3,3,3,2,3,18,905,2438,12692.85,545.15,602611.74,195.00,Music
https://scratch.mit.edu/projects/121424480/,3,1,3,3,3,2,3,18,1017,2667,13759.23,589.98,633980.31,226.00,Music
https://scratch.mit.edu/projects/99607703/,1,3,3,3,2,2,2,16,207,513,2813.38,52.22,38885.18,59.00,Music
https://scratch.mit.edu/projects/99532180/,2,3,0,3,2,1,2,13,496,651,2045.88,156.80,9953.09,98.00,Music
https://scratch.mit.edu/projects/124919147/,3,3,0,2,2,2,1,13,468,516,1277.29,125.55,3479.55,131.00,Music
https://scratch.mit.edu/projects/99614854/,3,3,0,2,2,1,1,12,179,296,1316.03,58.20,11955.99,12.00,Music
https://scratch.mit.edu/projects/123989181/,1,1,2,2,2,2,2,12,208,226,719.45,78.89,3350.47,50.00,Music
https://scratch.mit.edu/projects/99607131/,1,1,1,3,2,2,1,11,33,49,174.28,7.75,575.86,10.00,Music
https://scratch.mit.edu/projects/123773314/,1,3,0,2,2,2,1,11,386,387,812.16,113.25,1102.58,95.00,Music
https://scratch.mit.edu/projects/99615538/,1,3,0,2,2,1,1,10,66,109,383.66,20.69,1878.59,9.00,Music
https://scratch.mit.edu/projects/99608012/,1,1,0,3,3,1,1,10,99,313,1544.33,54.73,46765.81,18.00,Music
https://scratch.mit.edu/projects/124831576/,1,3,0,2,1,2,1,10,255,255,381.92,68.50,345.73,92.00,Music
https://scratch.mit.edu/projects/124759666/,1,3,0,2,2,1,1,10,135,347,1711.69,26.24,9010.31,7.00,Music
https://scratch.mit.edu/projects/123944805/,1,2,0,2,2,2,1,10,41,42,129.79,11.50,424.00,7.00,Music
https://scratch.mit.edu/projects/123598098/,1,3,0,2,2,1,1,10,198,237,832.35,63.16,3420.03,20.00,Music
https://scratch.mit.edu/projects/99610912/,1,1,0,3,1,2,1,9,21,22,53.21,5.00,66.77,4.00,Music
https://scratch.mit.edu/projects/99491745/,3,1,0,1,2,1,1,9,66,112,431.76,22.83,2338.58,6.00,Music
https://scratch.mit.edu/projects/123759861/,1,1,0,3,1,2,1,9,22,33,106.69,3.64,165.27,4.00,Music
https://scratch.mit.edu/projects/123661755/,1,1,0,3,1,2,1,9,39,39,83.92,12.00,118.75,9.00,Music
https://scratch.mit.edu/projects/123248380/,2,1,1,0,2,1,2,9,110,284,1420.50,40.95,18020.69,26.00,Music
https://scratch.mit.edu/projects/99614385/,1,1,0,2,2,1,1,8,47,99,407.67,11.94,1837.28,3.00,Music
https://scratch.mit.edu/projects/99613864/,1,1,0,2,2,1,1,8,21,23,64.43,7.25,161.46,3.00,Music
https://scratch.mit.edu/projects/99593011/,1,1,0,3,1,1,1,8,60,150,801.20,5.25,1776.76,4.00,Music
https://scratch.mit.edu/projects/95763013/,1,1,0,1,2,2,1,8,156,174,470.05,44.25,1309.72,29.00,Music
https://scratch.mit.edu/projects/123602673/,1,0,0,3,1,2,1,8,36,36,79.17,11.00,114.00,8.00,Music
https://scratch.mit.edu/projects/122659657/,1,1,0,2,2,1,1,8,79,146,750.70,19.79,8511.85,6.00,Music
https://scratch.mit.edu/projects/99617490/,1,1,0,0,2,2,1,7,19,20,45.44,8.00,102.75,4.00,Music
https://scratch.mit.edu/projects/99616845/,1,1,0,1,2,1,1,7,14,17,53.19,4.00,150.05,2.00,Music
https://scratch.mit.edu/projects/99616057/,1,1,0,1,2,1,1,7,15,15,31.22,5.50,58.44,4.00,Music
https://scratch.mit.edu/projects/99615760/,1,1,0,1,2,1,1,7,56,73,229.61,24.07,1792.22,10.00,Music
https://scratch.mit.edu/projects/99613832/,1,1,0,1,2,1,1,7,52,117,465.93,19.56,3495.72,5.00,Music
https://scratch.mit.edu/projects/99613586/,1,1,0,0,2,2,1,7,12,12,26.41,3.50,45.06,3.00,Music
https://scratch.mit.edu/projects/99611829/,1,1,0,1,2,1,1,7,43,125,481.62,14.36,2949.87,5.00,Music
https://scratch.mit.edu/projects/96413136/,1,1,0,1,2,1,1,7,53,54,160.55,18.00,514.73,8.00,Music
https://scratch.mit.edu/projects/48739578/,1,1,0,1,2,1,1,7,50,57,157.40,15.50,388.39,8.00,Music
https://scratch.mit.edu/projects/122558908/,1,0,0,3,1,1,1,7,138,484,3007.05,20.38,33856.53,2.00,Music
https://scratch.mit.edu/projects/99614358/,1,1,0,0,2,1,1,6,8,8,16.00,3.00,24.00,2.00,Music
https://scratch.mit.edu/projects/124791104/,1,1,0,1,1,1,1,6,36,104,514.24,6.44,2778.61,2.00,Music
https://scratch.mit.edu/projects/124495966/,1,1,0,1,1,1,1,6,43,102,531.63,2.99,1051.38,2.00,Music
https://scratch.mit.edu/projects/124307858/,1,1,0,0,2,1,1,6,12,13,34.07,4.17,77.30,2.00,Music
https://scratch.mit.edu/projects/124219410/,1,1,0,0,2,1,1,6,8,8,16.36,2.50,22.17,2.00,Music
https://scratch.mit.edu/projects/121690551/,1,0,0,0,2,2,0,5,63,63,124.75,22.50,180.00,16.00,Music
https://scratch.mit.edu/projects/99615182/,0,0,0,1,1,1,1,4,9,13,41.21,2.40,98.90,1.00,Music
https://scratch.mit.edu/projects/124162434/,0,0,0,1,1,1,1,4,8,9,27.00,2.00,54.00,1.00,Music
https://scratch.mit.edu/projects/123777969/,1,0,0,0,1,2,0,4,44,44,88.00,16.50,132.00,11.00,Music
https://scratch.mit.edu/projects/123372308/,0,0,0,0,1,3,0,4,5,5,11.61,1.00,11.61,1.00,Music
https://scratch.mit.edu/projects/123189058/,1,0,0,0,1,2,0,4,46,46,90.00,16.50,132.00,12.00,Music
https://scratch.mit.edu/projects/99609735/,0,0,0,0,2,1,0,3,7,10,28.07,1.50,42.11,1.00,Music
https://scratch.mit.edu/projects/125057670/,0,0,0,0,2,1,0,3,13,46,170.22,6.44,1096.97,1.00,Music
https://scratch.mit.edu/projects/95335017/,3,3,3,3,3,2,2,19,1724,2136,7621.45,517.91,36613.11,315.00,Stories
https://scratch.mit.edu/projects/122182228/,2,3,3,2,3,2,2,17,344,620,2824.64,118.57,26535.37,64.00,Stories
https://scratch.mit.edu/projects/99592431/,3,3,3,2,2,2,1,16,615,857,3264.34,177.56,19144.81,119.00,Stories
https://scratch.mit.edu/projects/125014643/,2,3,3,2,2,1,3,16,228,926,4963.77,94.02,207159.47,55.00,Stories
https://scratch.mit.edu/projects/124725574/,3,3,1,2,2,2,3,16,256,526,2172.23,101.99,46272.56,41.00,Stories
https://scratch.mit.edu/projects/99605248/,1,1,3,3,3,2,2,15,89,172,898.52,42.05,18319.94,14.00,Stories
https://scratch.mit.edu/projects/99352946/,1,3,3,3,2,2,1,15,269,285,895.52,77.15,2948.23,41.00,Stories
https://scratch.mit.edu/projects/124830838/,3,3,2,3,2,1,1,15,148,153,484.92,39.50,1266.68,20.00,Stories
https://scratch.mit.edu/projects/123844900/,2,3,3,2,3,1,1,15,282,362,1291.89,95.51,7699.42,42.00,Stories
https://scratch.mit.edu/projects/124810637/,3,1,1,2,3,2,2,14,121,143,492.72,41.14,2080.25,18.00,Stories
https://scratch.mit.edu/projects/122622758/,3,3,1,2,2,1,2,14,536,679,2681.89,142.08,21353.33,62.00,Stories
https://scratch.mit.edu/projects/99605511/,1,3,1,3,2,2,1,13,67,97,375.14,15.44,1555.61,13.00,Stories
https://scratch.mit.edu/projects/99603388/,1,3,1,2,2,2,2,13,3731,6018,22616.80,1297.73,204042.71,611.00,Stories
https://scratch.mit.edu/projects/99324753/,1,3,0,3,3,1,1,12,270,459,2207.19,48.55,12200.74,22.00,Stories
https://scratch.mit.edu/projects/123058915/,3,3,0,2,2,1,1,12,195,514,2539.03,61.02,29349.18,12.00,Stories
https://scratch.mit.edu/projects/121264293/,1,3,1,2,2,2,1,12,368,392,913.00,147.57,2642.11,91.00,Stories
https://scratch.mit.edu/projects/99617472/,1,3,0,2,3,1,1,11,70,70,244.60,18.00,915.87,10.00,Stories
https://scratch.mit.edu/projects/99604886/,1,1,0,2,2,2,3,11,23,24,61.70,8.50,143.70,4.00,Stories
https://scratch.mit.edu/projects/99603250/,1,3,0,2,2,2,1,11,102,115,324.07,26.89,692.31,16.00,Stories
https://scratch.mit.edu/projects/124993655/,1,3,0,3,1,2,1,11,87,87,142.87,28.00,142.87,28.00,Stories
https://scratch.mit.edu/projects/122532271/,1,3,0,2,2,1,2,11,663,837,3072.17,178.74,15445.09,90.00,Stories
https://scratch.mit.edu/projects/99605992/,1,3,0,3,1,1,1,10,91,133,512.91,19.93,1752.08,13.00,Stories
https://scratch.mit.edu/projects/99600701/,1,3,0,2,2,1,1,10,490,491,1130.60,182.50,2220.04,101.00,Stories
https://scratch.mit.edu/projects/99590702/,1,3,0,2,2,1,1,10,73,461,1822.04,85.91,53214.36,7.00,Stories
https://scratch.mit.edu/projects/86308599/,1,1,0,2,2,2,2,10,39,52,146.12,12.75,593.19,7.00,Stories
https://scratch.mit.edu/projects/124827092/,1,3,0,2,2,1,1,10,75,107,416.61,23.28,2610.84,8.00,Stories
https://scratch.mit.edu/projects/124758506/,1,3,0,2,2,1,1,10,166,210,798.44,45.27,4354.37,19.00,Stories
https://scratch.mit.edu/projects/99599584/,1,3,0,2,1,1,1,9,143,176,578.00,34.13,1651.79,18.00,Stories
https://scratch.mit.edu/projects/99595883/,1,3,0,2,1,1,1,9,44,49,150.58,10.50,382.89,7.00,Stories
https://scratch.mit.edu/projects/92618171/,1,2,0,1,2,2,1,9,18,19,60.54,6.25,197.03,2.00,Stories
https://scratch.mit.edu/projects/124745690/,1,1,0,3,2,1,1,9,135,370,2172.58,20.88,20717.10,4.00,Stories
https://scratch.mit.edu/projects/122887529/,1,1,2,0,2,2,1,9,53,55,154.00,20.50,459.71,14.00,Stories
https://scratch.mit.edu/projects/99612664/,1,1,0,1,2,2,1,8,15,16,37.44,5.25,66.61,3.00,Stories
https://scratch.mit.edu/projects/99606830/,1,1,0,2,2,1,1,8,63,95,353.27,17.16,1299.03,5.00,Stories
https://scratch.mit.edu/projects/123151314/,1,1,0,3,1,1,1,8,78,136,554.04,17.02,2132.95,9.00,Stories
https://scratch.mit.edu/projects/99607596/,1,1,0,1,2,1,1,7,43,98,473.68,12.19,4105.29,2.00,Stories
https://scratch.mit.edu/projects/99599692/,1,1,0,1,1,2,1,7,24,36,143.30,6.75,708.76,2.00,Stories
https://scratch.mit.edu/projects/99598014/,1,0,0,2,1,2,1,7,14,14,21.51,4.50,23.51,5.00,Stories
https://scratch.mit.edu/projects/99595156/,1,1,0,1,2,1,1,7,38,60,205.39,16.64,1124.57,4.00,Stories
https://scratch.mit.edu/projects/99581603/,1,1,0,1,2,1,1,7,59,59,160.78,18.00,321.56,9.00,Stories
https://scratch.mit.edu/projects/99523848/,1,1,0,1,2,1,1,7,46,59,201.18,10.25,456.99,5.00,Stories
https://scratch.mit.edu/projects/125136714/,1,1,0,1,2,1,1,7,13,15,41.70,5.50,109.25,2.00,Stories
https://scratch.mit.edu/projects/125007696/,1,1,0,1,2,1,1,7,38,148,748.50,6.50,4095.36,2.00,Stories
https://scratch.mit.edu/projects/124381520/,1,1,0,1,2,1,1,7,45,67,237.74,20.67,1884.55,6.00,Stories
https://scratch.mit.edu/projects/124314131/,1,1,0,1,2,1,1,7,270,380,1305.94,76.45,4218.32,30.00,Stories
https://scratch.mit.edu/projects/124099102/,1,1,0,1,2,1,1,7,129,153,515.43,39.80,1757.43,13.00,Stories
https://scratch.mit.edu/projects/122677329/,1,1,0,0,2,2,1,7,22,22,41.87,7.00,51.68,6.00,Stories
https://scratch.mit.edu/projects/122618015/,1,1,0,1,2,1,1,7,22,25,69.82,6.60,202.85,4.00,Stories
https://scratch.mit.edu/projects/98841662/,1,0,0,1,1,2,1,6,19,35,132.75,3.67,346.09,2.00,Stories
https://scratch.mit.edu/projects/124798903/,1,0,1,0,1,2,1,6,15,17,42.75,4.50,87.75,5.00,Stories
